"exc","inh","means","vars"
0.01,0.05,NaN,NaN
0.06,0.05,5.872406294269558,42.969591545610896
0.11,0.05,0.639124768181674,3.8749449936439038
0.16,0.05,1.9418636812356316,10.03504830570587
0.015,0.05,NaN,NaN
0.065,0.05,4.116836206581241,112.89425606822786
0.115,0.05,1.5635639962147085,5.840335339147843
0.165,0.05,0.31668651032706785,2.52848537531465
0.02,0.05,NaN,NaN
0.07,0.05,3.0570857657563577,106.22040119247161
0.12,0.05,2.312654392662796,17.291024610680925
0.17,0.05,0.09658726880026787,0.9602125425630138
0.025,0.05,NaN,NaN
0.075,0.05,4.410303811697877,103.70933686283196
0.125,0.05,2.0968462075425762,16.041309871384748
0.175,0.05,0.10856907345055401,0.8263719353388624
0.03,0.05,NaN,NaN
0.08,0.05,4.456320795926889,105.5749010975193
0.13,0.05,4.887294335343651,31.862782217933084
0.18,0.05,0.09782765993412908,0.9884311461699201
0.035,0.05,NaN,NaN
0.085,0.05,3.246595810427692,39.973563437218864
0.135,0.05,2.369301630560425,18.109520604132516
0.185,0.05,0.09954228128896825,0.603560762153271
0.04,0.05,NaN,NaN
0.09,0.05,3.566679933824789,47.370631361116445
0.14,0.05,3.6703989850113525,21.20617899163838
0.19,0.05,0.09867455737978036,0.6058088044349859
0.045,0.05,NaN,NaN
0.095,0.05,2.022297972734288,22.964335122341748
0.145,0.05,4.444740136473259,25.62910239978785
0.195,0.05,0.12842732650813266,0.641992281735832
0.05,0.05,0.3703078363327123,0.07687415509092567
0.1,0.05,0.6722389561372274,4.702377369459048
0.15,0.05,4.190713550883734,24.16745532393704
0.055,0.05,12.490338107222028,110.18673083805938
0.2,0.05,0.13794965898960868,0.7643215061543308
0.105,0.05,1.0946458530847936,6.303593043128141
0.155,0.05,4.067084092624987,19.97370378474138
0.01,0.055,NaN,NaN
0.11,0.055,1.3411091202008802,7.626017787077697
0.16,0.055,1.127405878980525,5.242634562584937
0.06,0.055,5.940691070163729,42.165355105829924
0.015,0.055,NaN,NaN
0.115,0.055,1.7366357592723465,6.391622996142318
0.065,0.055,7.292955934860579,88.80792652743875
0.165,0.055,0.10942195428702514,0.6447311008937288
0.02,0.055,NaN,NaN
0.12,0.055,1.8667661002171425,11.774557507328195
0.07,0.055,3.5352762849751,134.81507930221693
0.17,0.055,0.15941412602482422,0.83205654545753
0.025,0.055,NaN,NaN
0.125,0.055,2.46817279902147,20.1855699643388
0.075,0.055,4.402286722287826,104.4099081910555
0.175,0.055,0.10856907345055401,0.8263719353388624
0.03,0.055,NaN,NaN
0.08,0.055,4.431196378038325,79.55674722971625
0.13,0.055,1.1617077781214955,6.990079476179931
0.18,0.055,0.09570306086073076,1.0214965673476328
0.035,0.055,NaN,NaN
0.085,0.055,4.197289495931315,67.81989101724129
0.135,0.055,5.349199936982556,33.20871574712505
0.185,0.055,0.13601446455843264,0.8019366776251192
0.04,0.055,NaN,NaN
0.09,0.055,4.532257036122006,60.253855180568685
0.14,0.055,6.49872153292692,35.459624058671515
0.19,0.055,0.09901448229146928,0.6004699513006954
0.045,0.055,NaN,NaN
0.095,0.055,4.788168264035339,62.78210542764014
0.145,0.055,1.6343331354959585,11.431012317265317
0.195,0.055,0.2594361958059112,2.9691917610043155
0.05,0.055,0.34098910131801347,0.06604186892018853
0.1,0.055,1.0190280696130753,7.08896804671194
0.15,0.055,3.8752180826754214,20.759870158516524
0.055,0.055,7.931368250701119,95.89238927422149
0.2,0.055,0.20917543933176472,1.703209267521871
0.105,0.055,0.6942821232575122,8.874118319517594
0.155,0.055,2.728884038255248,16.360083347353385
0.01,0.06,NaN,NaN
0.16,0.06,1.3361857089859026,5.95894685872226
0.11,0.06,1.3568458663331584,8.267825456866646
0.06,0.06,6.182167432088262,37.66381855722526
0.015,0.06,NaN,NaN
0.065,0.06,7.571235936475779,102.77805155082488
0.115,0.06,2.0835285182392003,13.216657683351086
0.165,0.06,0.14470798157764903,0.668566710992093
0.02,0.06,NaN,NaN
0.07,0.06,4.286258966107148,158.38605101560182
0.12,0.06,1.6918055238427818,12.31919983919829
0.17,0.06,0.11499370744199298,0.7245011860664597
0.025,0.06,NaN,NaN
0.075,0.06,4.312781569126949,98.79636634631495
0.125,0.06,2.412033605517648,17.78484952313004
0.175,0.06,0.10856907345055401,0.8263719353388624
0.03,0.06,NaN,NaN
0.08,0.06,4.3846706415667125,84.19656878246299
0.13,0.06,4.439677585982343,27.97613462452075
0.18,0.06,0.20267706069288996,1.744013640411347
0.035,0.06,NaN,NaN
0.085,0.06,1.2251024781621975,14.266078533609003
0.135,0.06,6.163618162425483,38.633368851397115
0.185,0.06,0.15040801038225796,1.1085054389048585
0.04,0.06,NaN,NaN
0.09,0.06,3.357011905625751,43.16734974008127
0.14,0.06,2.1656654439190315,14.271596719829445
0.19,0.06,0.10997801111390083,0.6609146502004452
0.045,0.06,NaN,NaN
0.095,0.06,5.512565861951339,82.29362497558807
0.145,0.06,3.560867701889061,18.351973564473923
0.195,0.06,0.13972122543850368,0.8159551642966983
0.05,0.06,0.34419608737928,0.07244383481026119
0.1,0.06,1.0271853589295983,8.871794385318564
0.15,0.06,3.956306934767812,19.27850135559777
0.055,0.06,0.44434972501924597,0.14513921661887172
0.2,0.06,0.12756485013887195,0.8107436316169583
0.155,0.06,2.169870900359508,14.67454756500138
0.105,0.06,1.8401059229762229,12.086650823135178
0.01,0.065,NaN,NaN
0.06,0.065,7.776242496972473,63.50559048490488
0.11,0.065,1.4708202127222134,9.091959765969053
0.16,0.065,0.7156972076244317,4.001007446735946
0.015,0.065,NaN,NaN
0.065,0.065,8.394686957449503,86.91705809893547
0.115,0.065,1.7510398200276285,8.773780775975215
0.165,0.065,0.11429777323401898,0.7165124339670756
0.02,0.065,NaN,NaN
0.07,0.065,7.843752471324275,117.98007911524805
0.12,0.065,2.0576537722140795,16.28436248590201
0.17,0.065,0.12403228903538044,0.6790632249882883
0.025,0.065,NaN,NaN
0.075,0.065,4.055990374086903,89.85471438527465
0.125,0.065,2.4975360776981392,21.027493846108886
0.175,0.065,0.10569795321237453,0.7591561256149066
0.03,0.065,NaN,NaN
0.08,0.065,4.408376345563126,89.56545462334158
0.13,0.065,6.486141919517374,42.79708241433047
0.18,0.065,0.26056044597301053,1.7937691184345945
0.035,0.065,NaN,NaN
0.085,0.065,4.39351455452277,62.47661326380919
0.135,0.065,4.03290324258712,20.762804807843803
0.185,0.065,0.20226828688191048,0.8723763575136898
0.04,0.065,NaN,NaN
0.09,0.065,3.839490434417198,64.38210723801582
0.14,0.065,2.662639314979466,16.87059844392561
0.19,0.065,0.10703998223308277,0.6951501052009637
0.045,0.065,NaN,NaN
0.095,0.065,5.757891444567412,116.47695873732714
0.145,0.065,3.1287916509892715,19.13818067306132
0.05,0.065,0.332355340172652,0.0619568128289264
0.195,0.065,0.1738743601108466,0.8943623789933687
0.1,0.065,1.1077213271485362,7.712708375552885
0.15,0.065,3.505982420551427,21.06154439169595
0.055,0.065,0.4927012489244787,0.16116382126899498
0.2,0.065,0.1571028839553672,0.8302424581612777
0.105,0.065,1.3687819308919758,15.440146276778131
0.155,0.065,1.3215422714046838,8.810903171285398
0.01,0.07,NaN,NaN
0.06,0.07,7.9473051385549525,74.35033281985939
0.11,0.07,2.1583554025786373,12.795097766965638
0.16,0.07,0.6542505850592063,3.2293090240174087
0.015,0.07,NaN,NaN
0.065,0.07,8.027750559661955,85.95300929382464
0.115,0.07,1.900164223179017,15.830341135918687
0.165,0.07,0.16436870420466682,0.9221013280819701
0.02,0.07,NaN,NaN
0.07,0.07,5.532588000725629,125.70450722155921
0.12,0.07,1.8821078426163265,13.133551546042838
0.17,0.07,0.12423710777059259,0.6885968512931974
0.025,0.07,NaN,NaN
0.075,0.07,4.49393601669436,101.77586510141546
0.125,0.07,2.3803024493471776,19.51463129487459
0.175,0.07,0.11050067010339988,0.8393462938456204
0.03,0.07,NaN,NaN
0.08,0.07,4.587426442826804,82.69232410691582
0.13,0.07,4.370239161347355,29.71945147787247
0.18,0.07,0.17579682423349932,0.9961769142165133
0.035,0.07,NaN,NaN
0.085,0.07,3.7775617263708745,48.75272381873817
0.135,0.07,4.7095559617992055,31.305269011561922
0.185,0.07,0.16300271684698986,0.9453210989521923
0.04,0.07,NaN,NaN
0.09,0.07,4.473701073425789,88.75248647518474
0.14,0.07,5.12624896460587,30.005238098659778
0.19,0.07,0.09026565370286277,0.7470596416279681
0.045,0.07,NaN,NaN
0.095,0.07,4.896501039683781,96.9816806599424
0.145,0.07,4.757112812386607,27.776569915081243
0.195,0.07,0.1394886508048813,0.7618718347482096
0.05,0.07,0.3752993450924816,0.08299963812232056
0.1,0.07,5.405662193370011,84.01001053713995
0.15,0.07,4.153474026750433,20.695634768519934
0.055,0.07,0.4001515013284934,0.10335586887532704
0.2,0.07,0.15043494789132653,0.7671473846392348
0.105,0.07,1.0480518543014017,9.274350704948864
0.155,0.07,0.8987918373668095,9.180257570193744
0.01,0.075,NaN,NaN
0.11,0.075,2.258648443021539,13.022447699685145
0.06,0.075,0.7630638433863354,2.37463685526592
0.16,0.075,0.12386033572356636,0.9726711365643868
0.015,0.075,NaN,NaN
0.065,0.075,9.519806798378157,75.843372729366
0.115,0.075,1.505219834509777,8.645366894050598
0.165,0.075,0.12214805944215996,0.9954176716253554
0.02,0.075,NaN,NaN
0.07,0.075,7.265835920430043,128.64625917824665
0.12,0.075,1.840990262409129,11.177340259364938
0.17,0.075,0.10378378823237192,0.6774211092693504
0.025,0.075,NaN,NaN
0.075,0.075,4.606450124104272,101.78141537508432
0.125,0.075,3.1651256828673695,25.17000826883132
0.175,0.075,0.11317445359813247,0.6788601082988829
0.03,0.075,NaN,NaN
0.08,0.075,4.482462261142474,87.24426659291619
0.13,0.075,5.966255930976295,40.23068803991209
0.18,0.075,0.3454695391379253,4.357088127998688
0.035,0.075,NaN,NaN
0.085,0.075,4.345165519896091,68.78986633187652
0.135,0.075,1.1939853680364163,6.116007930124446
0.185,0.075,0.22848478092069704,2.41327406807737
0.04,0.075,NaN,NaN
0.09,0.075,1.2461012443860455,8.184308909811723
0.14,0.075,5.111584564799414,30.375127507514797
0.19,0.075,0.1390870597901071,0.7356066987293214
0.045,0.075,NaN,NaN
0.095,0.075,2.4367716483877984,34.26111263807748
0.145,0.075,3.9817101341582464,24.961910428507885
0.195,0.075,0.14298068878002937,0.6548953892170203
0.05,0.075,0.3480050415626216,0.09078619985610316
0.1,0.075,1.7395822640931848,17.966689115569125
0.15,0.075,2.2937317779751085,12.848475036280863
0.2,0.075,0.17096686322212953,0.9838319081942958
0.055,0.075,0.35597783818289513,0.08272735154088766
0.105,0.075,1.5282679611708099,9.177926721992174
0.155,0.075,1.5244453473432404,6.556298063012045
0.01,0.08,NaN,NaN
0.06,0.08,0.5971272338208129,0.4430915632819676
0.11,0.08,4.495103201678562,31.28225144497421
0.16,0.08,0.16258422304839085,1.4819335588232063
0.015,0.08,NaN,NaN
0.065,0.08,3.008735140498792,53.650194116809466
0.115,0.08,1.935571524193419,11.835558187890612
0.165,0.08,0.10706192217480211,0.955425696768272
0.02,0.08,NaN,NaN
0.07,0.08,10.781634056538733,126.49365753059037
0.12,0.08,1.350553516623783,8.0937368675441
0.17,0.08,0.10308642701430133,0.6659751992906525
0.025,0.08,NaN,NaN
0.075,0.08,4.747413383976061,98.5809427221874
0.125,0.08,2.3286725711062037,16.725364879784255
0.175,0.08,0.124180920111236,0.7045688844614835
0.03,0.08,NaN,NaN
0.08,0.08,4.414297154447239,116.9021172705176
0.13,0.08,5.594710135092873,34.99210034419007
0.18,0.08,0.12600675543999454,1.0888689792410537
0.035,0.08,NaN,NaN
0.085,0.08,4.3522852983097,80.29764404208187
0.135,0.08,4.295397789464777,29.91002735475804
0.185,0.08,0.1546293445138349,1.4446170061078143
0.04,0.08,NaN,NaN
0.09,0.08,4.696565916583514,110.62635544974027
0.14,0.08,5.832608500880869,33.332906165316196
0.19,0.08,0.1426593085497734,0.6312443124008785
0.045,0.08,NaN,NaN
0.095,0.08,1.3902930600664796,19.49441421678434
0.145,0.08,4.689988149667015,24.321169996509802
0.195,0.08,0.1324986159132268,0.6817974948541085
0.05,0.08,0.18069453948217534,0.10957116380392644
0.1,0.08,0.6645453092736779,7.866622657008997
0.15,0.08,2.779920375177684,15.130339924372462
0.055,0.08,0.3411091775936917,0.07351834043709363
0.2,0.08,0.10808351795269752,0.9495636471167292
0.105,0.08,1.0899289179935783,9.56805245576784
0.155,0.08,2.026889673140549,9.481279765371696
0.01,0.085,NaN,NaN
0.06,0.085,0.30700441056146444,0.10757985624057875
0.11,0.085,1.7349221122039855,7.683882888307045
0.16,0.085,0.19444902961419688,1.287771409744979
0.015,0.085,NaN,NaN
0.115,0.085,1.6540025232051057,11.417299944058257
0.065,0.085,2.299024073730812,20.210261619959123
0.165,0.085,0.0915695892757752,1.030663387010582
0.02,0.085,NaN,NaN
0.12,0.085,1.9530478154369855,14.269840970689506
0.07,0.085,6.033914716197292,84.59288489298983
0.17,0.085,0.10488760916720466,0.668006383084771
0.025,0.085,NaN,NaN
0.075,0.085,4.837222346546013,91.01469488921107
0.125,0.085,3.5378351338648764,23.82801799533953
0.175,0.085,0.10071929415687635,0.8652412327955982
0.03,0.085,NaN,NaN
0.08,0.085,3.9995795081953114,96.91306881398967
0.13,0.085,3.8711162105870303,27.930086217087023
0.18,0.085,0.14103945407673937,1.2039587583202283
0.035,0.085,NaN,NaN
0.085,0.085,4.403157034835568,100.78818744184392
0.135,0.085,4.442986006467742,32.427227910706335
0.185,0.085,0.26860103588675,2.048191518709078
0.04,0.085,NaN,NaN
0.09,0.085,4.499993026652054,97.52519160408438
0.14,0.085,4.086469245974379,28.11303435760161
0.045,0.085,NaN,NaN
0.19,0.085,0.15499909453226005,0.8761286972686887
0.095,0.085,4.06513654001099,95.36452829619205
0.145,0.085,4.567898612981808,25.466618308346735
0.05,0.085,0.04714937660164498,0.025440200850350127
0.195,0.085,0.11698091336183584,0.47828452908826946
0.1,0.085,1.8980886660031904,17.859161251896474
0.15,0.085,3.278598647805796,17.172617258667312
0.055,0.085,0.34828600136148224,0.07058359775729471
0.2,0.085,0.18073034784644462,1.3432132624445483
0.105,0.085,0.8177410242055572,5.581830981878416
0.155,0.085,1.3223257744088275,8.939649500198485
0.01,0.09,NaN,NaN
0.11,0.09,1.0424766755719406,5.702865209114644
0.06,0.09,0.44380773798860707,0.1656919752288538
0.16,0.09,0.10444764319499662,1.2488232387317473
0.015,0.09,NaN,NaN
0.115,0.09,1.3836245644046705,10.126625414007407
0.065,0.09,1.2801405192184998,6.5906241846479805
0.165,0.09,0.08910201750534409,1.0545840986443455
0.02,0.09,NaN,NaN
0.07,0.09,2.2790330247726227,15.557106065191906
0.12,0.09,2.0996559211420736,16.02968923009523
0.17,0.09,0.09443188715399935,0.8883936436028171
0.025,0.09,NaN,NaN
0.075,0.09,5.231887357482482,106.78854186388386
0.125,0.09,2.833194976330257,27.69815006371697
0.175,0.09,0.10294336073624699,0.735029403301236
0.03,0.09,NaN,NaN
0.08,0.09,4.439817595804527,89.57067420254054
0.13,0.09,6.24206484229152,39.71472221840509
0.18,0.09,0.12319381518464252,1.186459405914023
0.035,0.09,NaN,NaN
0.085,0.09,4.3890878299450895,80.70465665218708
0.135,0.09,5.619114303118672,39.676506011052666
0.185,0.09,0.26856101957176287,2.277903573627549
0.04,0.09,NaN,NaN
0.09,0.09,3.9913158038857355,100.9085668416838
0.14,0.09,5.092431039943834,36.896350248919234
0.19,0.09,0.15071086346091508,0.9373670927583744
0.045,0.09,NaN,NaN
0.095,0.09,4.41063449731496,105.62400346051857
0.145,0.09,3.364891706997404,20.975691616993597
0.195,0.09,0.1195349111201603,0.5021713994546891
0.05,0.09,0.11030922095393556,0.08337799976479972
0.1,0.09,3.0503254712149688,54.01644753146239
0.15,0.09,2.113956887039024,13.096819584847855
0.055,0.09,0.3131934671264906,0.06265675139289471
0.2,0.09,0.13447167302894258,0.935355719550386
0.105,0.09,1.5312945839119536,17.00276303402365
0.155,0.09,1.3896645132275378,8.306840878720035
0.01,0.095,NaN,NaN
0.06,0.095,0.05340193721009155,0.011133475460864493
0.11,0.095,1.3299398070314206,4.428700226935842
0.16,0.095,0.2362223316837058,2.369109662713064
0.015,0.095,NaN,NaN
0.065,0.095,0.6435487935536773,1.650526794156875
0.115,0.095,1.7303378106119922,10.2642228549474
0.165,0.095,0.09321987609216974,0.9870169239309677
0.02,0.095,NaN,NaN
0.07,0.095,1.862716580903518,23.56676912534756
0.12,0.095,1.3871736536692125,8.82548472680325
0.17,0.095,0.14138450932930482,0.8604189884562948
0.025,0.095,NaN,NaN
0.075,0.095,5.488311368763012,90.73559617145233
0.125,0.095,3.7308359110125773,31.319002302074445
0.175,0.095,0.09536725899997868,0.810408896553304
0.03,0.095,NaN,NaN
0.08,0.095,4.69468995145229,76.93344031454036
0.13,0.095,2.8755368036049336,24.41455788885902
0.18,0.095,0.11270594980081401,1.1442378773188644
0.035,0.095,NaN,NaN
0.085,0.095,4.103919916837191,81.3933022714011
0.135,0.095,5.578337242175737,36.5290560887801
0.185,0.095,0.1803201727667773,1.7753163790590494
0.04,0.095,NaN,NaN
0.09,0.095,3.966550416146498,96.2949868091499
0.14,0.095,5.291744994257024,31.537047986494827
0.19,0.095,0.12768670839079405,0.7575305847470072
0.045,0.095,NaN,NaN
0.095,0.095,4.457020406094548,118.57568524160574
0.145,0.095,3.8452930765616986,26.460405389283174
0.195,0.095,0.13524843537943224,0.5736734121585132
0.05,0.095,0.14279501545720125,0.08581551564109444
0.1,0.095,4.023874222001498,82.10309596938633
0.15,0.095,2.9398813062922877,14.434526076700232
0.2,0.095,0.12287331936466696,1.0335787259655127
0.055,0.095,0.22868303013565036,0.03583017460008962
0.105,0.095,2.014899628009683,13.549633788709206
0.155,0.095,0.7548553330731071,4.759664352858313
0.01,0.1,NaN,NaN
0.16,0.1,0.17463268727820955,2.6272007083107467
0.11,0.1,1.1748993879171528,3.6683797446650703
0.06,0.1,0.21716366458147532,0.037395129170686436
0.015,0.1,NaN,NaN
0.065,0.1,0.6112430243817722,0.6490598296587059
0.115,0.1,3.149012060311938,22.395425518729194
0.165,0.1,0.09711567477484566,0.8652280113557417
0.02,0.1,NaN,NaN
0.07,0.1,1.4165110186635588,10.14199996338004
0.12,0.1,1.723666770334574,9.536359052768885
0.17,0.1,0.11863965707903397,1.1148996360773513
0.025,0.1,NaN,NaN
0.075,0.1,2.004594799161992,19.796687856827496
0.125,0.1,3.0027714920459405,22.724442970535556
0.175,0.1,0.11916331609011596,0.8735232523494278
0.03,0.1,NaN,NaN
0.08,0.1,4.94385644388639,75.35019130097801
0.13,0.1,2.5254814117736326,15.435770069059606
0.18,0.1,0.233135921865459,2.6596442407542615
0.035,0.1,NaN,NaN
0.085,0.1,3.5632445752834263,81.38912891517896
0.135,0.1,3.3670013733332675,28.306716194482693
0.185,0.1,0.12651386362073197,1.6026822281285702
0.04,0.1,NaN,NaN
0.09,0.1,4.526738992853644,112.49163189791841
0.14,0.1,4.259430698253037,26.851474629168134
0.19,0.1,0.12276025805548926,0.5157417435786551
0.045,0.1,NaN,NaN
0.095,0.1,4.5041767135888255,117.47936221501884
0.145,0.1,1.474517891462032,10.489519394716808
0.195,0.1,0.15363051466845007,0.681811932074529
0.05,0.1,0.0629912852899745,0.013047578079902424
0.1,0.1,3.9744806492882203,77.05704505012258
0.15,0.1,2.9447263796153744,18.867960172955325
0.2,0.1,0.11739761615821655,0.8204621357788012
0.055,0.1,0.2669400139109856,0.04881310218238718
0.105,0.1,1.9835248857602998,27.332356050397873
0.155,0.1,0.5072538295958612,2.5031470337476414
0.01,0.105,NaN,NaN
0.06,0.105,0.25042039292915835,0.04215264374583035
0.11,0.105,1.567680188832299,26.434597168294772
0.16,0.105,0.4258471569664666,3.8250389657196964
0.015,0.105,NaN,NaN
0.065,0.105,0.12756203202421232,0.08897096901790258
0.115,0.105,1.7414052774181517,11.075156399653206
0.165,0.105,0.2678789961823633,1.5639088047709493
0.02,0.105,NaN,NaN
0.07,0.105,0.5000968927013437,3.539689296828414
0.12,0.105,1.7619397072542342,12.729155542778006
0.17,0.105,0.11695648681884144,1.1927123164792606
0.025,0.105,NaN,NaN
0.075,0.105,1.7017187058032721,13.797107350283076
0.125,0.105,2.880653689680275,24.929969656109108
0.175,0.105,0.11054623203931191,0.9115114336374067
0.03,0.105,NaN,NaN
0.08,0.105,4.617909131420622,81.2733713018888
0.13,0.105,4.361668953641109,26.84795287440924
0.18,0.105,0.24710988898332306,1.9778974165337697
0.035,0.105,NaN,NaN
0.085,0.105,4.332043002848626,109.57795805716351
0.135,0.105,3.9159563250081133,24.794288790660715
0.185,0.105,0.18351296878978252,1.8382110455576182
0.04,0.105,NaN,NaN
0.09,0.105,3.6026652703462654,83.6408034382667
0.14,0.105,4.492624348082719,28.995768804687238
0.045,0.105,NaN,NaN
0.19,0.105,0.2109378371307786,1.608552344687132
0.095,0.105,4.448261083924266,108.39253370802635
0.145,0.105,2.820391930321527,20.944332126014505
0.05,0.105,0.10751785187930983,0.04377988483056854
0.1,0.105,4.459616258273033,112.936878053483
0.195,0.105,0.3157435421639163,3.785115342711962
0.055,0.105,0.2936226558083476,0.05923926008340047
0.15,0.105,2.7157160320240052,17.001626774248574
0.105,0.105,1.5756011955535407,23.51711604795202
0.2,0.105,0.1124158977607922,0.800316315983508
0.155,0.105,0.7403873046926245,6.114077198825575
0.01,0.11,NaN,NaN
0.06,0.11,0.24443563902370466,0.04004985266367985
0.11,0.11,1.713437370750113,18.512398237706854
0.16,0.11,0.4361727583295582,4.9543171217238395
0.015,0.11,NaN,NaN
0.115,0.11,1.6312117521724931,12.818486510709516
0.065,0.11,0.06258265753269417,0.00813083955311675
0.165,0.11,0.24895013536609858,2.7570142436751284
0.02,0.11,NaN,NaN
0.12,0.11,1.66343253598784,10.846433040036887
0.07,0.11,0.08797350310132748,0.13416002977075436
0.17,0.11,0.1436813263046026,1.1824231064406396
0.025,0.11,NaN,NaN
0.075,0.11,0.15242354551469287,0.03447533375335919
0.125,0.11,3.085791772871801,25.29574867858028
0.175,0.11,0.16006657204189173,1.0882623115507615
0.03,0.11,NaN,NaN
0.13,0.11,3.3864731398492034,26.88117483302656
0.08,0.11,4.348232640211063,59.733301772691526
0.18,0.11,0.17396781089794794,1.8399372807289431
0.085,0.11,3.9639352329353366,92.01912445152304
0.135,0.11,2.893373253871824,22.513223999073286
0.035,0.11,NaN,NaN
0.185,0.11,0.24505772628599626,2.3246650546315295
0.14,0.11,2.6537582928198162,20.527416841360523
0.09,0.11,4.816081706898351,103.4334771801673
0.04,0.11,NaN,NaN
0.19,0.11,0.13716484012762897,0.7052365057029638
0.095,0.11,4.510523901377623,116.96544734378827
0.045,0.11,NaN,NaN
0.145,0.11,2.9387569398403026,16.66217647285251
0.195,0.11,0.23314967810374185,1.7863848951564931
0.05,0.11,0.045980405879633056,0.01616311058956001
0.1,0.11,4.336152109260216,104.83788574025176
0.15,0.11,1.5487333737487587,8.79401292519045
0.2,0.11,0.11090863930345969,0.8783036795694159
0.105,0.11,2.058092104909364,61.907710115029644
0.055,0.11,0.29323141697751265,0.059019764993123607
0.155,0.11,0.866593004975404,13.02666214710648
0.01,0.115,NaN,NaN
0.06,0.115,0.0850547822087737,0.006887338916600884
0.11,0.115,2.3940819475114954,51.362370747749615
0.16,0.115,0.17822315997687227,1.912327529826825
0.015,0.115,NaN,NaN
0.065,0.115,0.08639105009039613,0.030590045636006837
0.115,0.115,1.1922777240459868,5.705100693311271
0.165,0.115,0.13778366523033192,1.081542151880765
0.02,0.115,NaN,NaN
0.07,0.115,0.01777822148789307,0.0028981533465446165
0.12,0.115,4.989606676953814,36.381392522722095
0.17,0.115,0.12001542966959979,0.9951362752318991
0.025,0.115,NaN,NaN
0.075,0.115,1.8819987527214959,20.376963380780317
0.125,0.115,1.904382010039478,12.06981819815669
0.175,0.115,0.10475306951349958,0.9106545987901679
0.08,0.115,0.06433541558937805,0.004283823304427037
0.03,0.115,NaN,NaN
0.13,0.115,3.384215658582504,30.175892987043365
0.18,0.115,0.18043691306620696,1.9142250310623758
0.035,0.115,NaN,NaN
0.085,0.115,3.094853029657122,59.382536352331385
0.135,0.115,5.115830661595565,35.10445530258419
0.04,0.115,NaN,NaN
0.185,0.115,0.14152606606351173,0.9754205093345171
0.09,0.115,4.532184571022157,111.70992945164302
0.14,0.115,2.227408103497681,18.275501668789712
0.045,0.115,NaN,NaN
0.19,0.115,0.14009423054646702,0.6365559530901361
0.095,0.115,4.891617485212803,123.46196279871558
0.145,0.115,1.6139053183784848,14.52193007476932
0.05,0.115,0.0848106550137109,0.01540013122286582
0.195,0.115,0.11252423452737677,0.6370387976934468
0.1,0.115,4.010229763066098,79.70843467612299
0.15,0.115,1.7226560103932151,12.488596436485919
0.055,0.115,0.2448759516398518,0.04224309086758712
0.2,0.115,0.1007072779637305,0.9605085193534807
0.105,0.115,2.0733279025789435,82.52753435505531
0.155,0.115,0.811431776783878,4.995915361149393
0.01,0.12,NaN,NaN
0.11,0.12,1.580739297329501,19.8320883273495
0.16,0.12,0.12389378504095704,1.6112830442417851
0.06,0.12,0.08608759848176442,0.007304275267614123
0.015,0.12,NaN,NaN
0.115,0.12,0.7844341145067352,6.6685421257530235
0.165,0.12,0.20907259736870518,1.8406272995151465
0.065,0.12,0.055451140368344434,0.0069394373850341666
0.02,0.12,NaN,NaN
0.12,0.12,3.465817818182998,20.696746017358066
0.07,0.12,0.2785598533246725,0.8734086877344164
0.17,0.12,0.1519340672049383,1.2962426818234465
0.025,0.12,NaN,NaN
0.075,0.12,0.39606523077903427,1.1376460099023702
0.125,0.12,3.9627125715759925,32.53388303562387
0.175,0.12,0.10160327606561273,0.8297758947670786
0.03,0.12,NaN,NaN
0.08,0.12,0.1358399829111479,0.015514542822024972
0.13,0.12,3.013617117632058,21.773788044843226
0.18,0.12,0.17736643854020326,1.8250399590717983
0.035,0.12,NaN,NaN
0.085,0.12,4.780183280922197,107.87966868262923
0.135,0.12,1.2436961920549012,12.11747089835518
0.185,0.12,0.1444288584731548,0.7561247760551584
0.04,0.12,NaN,NaN
0.09,0.12,5.18831143204136,102.99302390840246
0.14,0.12,1.9668397042957562,16.460400397367888
0.19,0.12,0.17418130380463154,0.7840492553925225
0.045,0.12,NaN,NaN
0.095,0.12,4.869518025455088,94.78852087971372
0.195,0.12,0.13522325510973304,0.7561568866854008
0.145,0.12,2.0143407240471247,15.76163436989954
0.05,0.12,0.046419820869875845,0.020393650662132858
0.1,0.12,6.675039689923009,99.51597532472236
0.2,0.12,0.09197356896967103,0.9430993808206294
0.055,0.12,0.2510932541101361,0.052487194058474615
0.15,0.12,1.2015834139058212,6.3822163171309985
0.105,0.12,2.679302575777647,73.42504153209117
0.155,0.12,0.7166356451561645,4.66838992337942
0.01,0.125,NaN,NaN
0.06,0.125,0.06615247181104901,0.005443512895407813
0.16,0.125,0.12431109201385894,1.2296260711440414
0.11,0.125,2.0613244829202597,51.635527373216114
0.065,0.125,0.04569207164010263,0.0034239345376663745
0.015,0.125,NaN,NaN
0.165,0.125,0.11865604546354247,1.3983696266783883
0.115,0.125,0.9794178874671279,6.173575184738603
0.02,0.125,NaN,NaN
0.07,0.125,0.13279180312613134,0.011004829668352981
0.12,0.125,1.2933130121591245,7.6562552119463465
0.17,0.125,0.10861249067341398,0.8918333910304589
0.075,0.125,0.12454175649257047,0.08153129003257072
0.025,0.125,NaN,NaN
0.125,0.125,5.223893117368407,34.923464314545264
0.175,0.125,0.11563731806662865,0.8693479929075523
0.03,0.125,NaN,NaN
0.08,0.125,0.10729725240254813,0.011448290742844347
0.13,0.125,2.941405679148192,20.81669836259484
0.18,0.125,0.22171637352543394,2.062042365192021
0.035,0.125,NaN,NaN
0.085,0.125,2.058755459337598,38.01336880322003
0.135,0.125,3.9713133131278986,26.481323369200492
0.185,0.125,0.17570355255880707,1.2239177410892648
0.04,0.125,NaN,NaN
0.09,0.125,4.681557691625405,95.87500855510214
0.14,0.125,1.7586864302080258,14.532797974408355
0.19,0.125,0.10711482482286598,0.456524911017626
0.095,0.125,4.8837391020740855,109.13175813309044
0.045,0.125,NaN,NaN
0.145,0.125,2.4754157652835267,13.965190446440179
0.195,0.125,0.10629751019645238,0.6356645010589013
0.1,0.125,5.23605844776799,74.98051834566276
0.05,0.125,0.052993889077398396,0.011453267680559627
0.15,0.125,1.1718797452910372,7.990690320344892
0.2,0.125,0.09528724497734563,0.8275000835845956
0.155,0.125,0.701466412474376,1.8832961317158237
0.105,0.125,2.1449325504297954,73.22289294005066
0.055,0.125,0.2450375518106498,0.039544603490596256
0.11,0.13,1.74964132165571,41.34630224020284
0.01,0.13,NaN,NaN
0.06,0.13,0.08628000834147123,0.0072901211182527115
0.16,0.13,0.33983609167185186,4.4156287872073605
0.065,0.13,0.16872709706279826,0.029102065296487397
0.015,0.13,NaN,NaN
0.165,0.13,0.10726487591331323,0.7662629005096042
0.115,0.13,1.9896440725248221,27.448661297130208
0.02,0.13,NaN,NaN
0.07,0.13,0.0012173711165004797,0.00016291199720403548
0.17,0.13,0.107508613681508,0.9857873546989862
0.12,0.13,4.067099293007495,60.28614956572337
0.025,0.13,NaN,NaN
0.075,0.13,0.2383212277334694,0.5615375398618117
0.175,0.13,0.19851901484222584,1.3876839734007358
0.125,0.13,2.5099213205813093,19.24670040589203
0.03,0.13,NaN,NaN
0.08,0.13,0.11792985992609385,0.007225147269108361
0.18,0.13,0.41105744845011927,2.379178449627073
0.13,0.13,2.1263343277474998,19.787377343737116
0.035,0.13,NaN,NaN
0.085,0.13,5.163049559823804,108.30654841250443
0.185,0.13,0.11831631992890042,0.5820597580374393
0.135,0.13,2.1002688681309936,17.816972405048517
0.04,0.13,NaN,NaN
0.09,0.13,4.673164586392829,87.19129358425957
0.19,0.13,0.0989566790996692,0.4872509786396914
0.14,0.13,1.6310517172497423,11.665041486901826
0.095,0.13,4.838125284750932,85.47830223390103
0.045,0.13,NaN,NaN
0.195,0.13,0.17025047595590895,1.0580870359171592
0.145,0.13,2.8561238812611704,16.909371862518647
0.05,0.13,0.13516488725343093,0.03087750156191232
0.1,0.13,2.1982968848942703,97.51929196698549
0.15,0.13,0.7798271825254524,5.5890860251727785
0.2,0.13,0.1794734142327544,1.243884067873863
0.055,0.13,0.23878899345918794,0.07064100078267696
0.105,0.13,2.5444418005525375,90.09833837824661
0.155,0.13,0.5943205494149334,4.675742529377367
0.01,0.135,NaN,NaN
0.06,0.135,0.0986024977408592,0.008757463386037617
0.11,0.135,2.4000765377582503,77.3032107551774
0.16,0.135,0.24061743670002828,2.525640451258309
0.065,0.135,0.11797471135305546,0.006238891884570198
0.015,0.135,NaN,NaN
0.115,0.135,1.5440768215434992,15.232416825881744
0.165,0.135,0.09462420222767227,0.7582770674962666
0.02,0.135,NaN,NaN
0.07,0.135,0.0012173711165004797,0.00016291199720403548
0.12,0.135,3.923711739409017,22.71012010049386
0.17,0.135,0.10353413569059315,0.8212410927471517
0.025,0.135,NaN,NaN
0.075,0.135,0.0963673210227834,0.43661441561946546
0.175,0.135,0.10826247879984804,1.171568593950498
0.125,0.135,2.917094439733512,20.8408159321201
0.03,0.135,NaN,NaN
0.08,0.135,0.11477780331122771,0.0063734112916509775
0.13,0.135,1.5244556162357306,7.375407140682548
0.18,0.135,0.11354052569937208,0.6492176148996105
0.035,0.135,NaN,NaN
0.085,0.135,2.373862330321978,50.524490948264095
0.135,0.135,2.428458544003127,19.740528970952116
0.185,0.135,0.12187667266213634,0.6403551375950715
0.04,0.135,NaN,NaN
0.09,0.135,2.2949858954014033,40.60105345991936
0.14,0.135,2.2077569415852163,16.03399485087666
0.19,0.135,0.09783387128770478,0.4973999897641596
0.045,0.135,NaN,NaN
0.095,0.135,3.339183495095932,51.70336143474982
0.145,0.135,1.6228613887748153,10.794024967456599
0.195,0.135,0.17387486153110815,1.1059882878977725
0.05,0.135,0.09872103956776467,0.016037386592939316
0.1,0.135,2.6260880096857875,93.88663834747663
0.15,0.135,0.47121865074501346,3.3636303294551206
0.2,0.135,0.12943084722565373,0.8544122294813377
0.055,0.135,0.02256550147836101,0.012353124871551905
0.105,0.135,2.2112611566380935,69.58791187036977
0.155,0.135,0.24813626139823444,3.8893249298221484
0.01,0.14,NaN,NaN
0.11,0.14,2.784643084907813,71.95141970362174
0.06,0.14,0.09562523745874667,0.005161189642214964
0.16,0.14,0.49140272028514403,2.49284844130213
0.015,0.14,NaN,NaN
0.065,0.14,0.08038274623081747,0.005874123376254759
0.115,0.14,2.783443483171535,25.71041858065463
0.165,0.14,0.08211648224185865,0.7670138099585218
0.02,0.14,NaN,NaN
0.12,0.14,3.7060044168069184,20.762520734851613
0.07,0.14,0.0701716302777312,0.021791248149773214
0.17,0.14,0.10734335655720154,0.7958356873485707
0.025,0.14,NaN,NaN
0.075,0.14,0.015177210295184974,0.000675859486476988
0.125,0.14,2.410204218124943,22.109162800902528
0.175,0.14,0.10826247879984804,1.171568593950498
0.03,0.14,NaN,NaN
0.08,0.14,0.11935823901212798,0.008736958346609643
0.13,0.14,1.0280322998727878,6.7926370537441345
0.18,0.14,0.10988293262505568,0.5713363184515828
0.035,0.14,NaN,NaN
0.085,0.14,0.06313052298797962,0.004440759016909286
0.135,0.14,3.2318186551654144,22.417403744768734
0.185,0.14,0.09754562152840303,0.8219129655451761
0.04,0.14,NaN,NaN
0.09,0.14,4.52521822940652,66.43333501428896
0.14,0.14,2.6307487955880964,19.926303833235693
0.19,0.14,0.0962201581925033,0.4882869937893121
0.045,0.14,NaN,NaN
0.095,0.14,4.558417694181617,64.53928477389937
0.145,0.14,1.6404297654175382,16.081297161000172
0.195,0.14,0.15386136267552172,1.0109304891994886
0.05,0.14,0.08334266026276257,0.018923474986424958
0.1,0.14,3.861078557933155,78.95861300853036
0.15,0.14,0.7176568099778361,8.925949993086792
0.2,0.14,0.10782508379378067,0.7433746191650165
0.055,0.14,0.010736252427388576,0.007915087699097706
0.105,0.14,2.37302176515865,78.24629630023863
0.155,0.14,0.22259083683293593,3.7911265841684894
0.01,0.145,NaN,NaN
0.11,0.145,2.571511268161337,65.57532887632979
0.06,0.145,0.26721838728669595,0.03910867985529916
0.16,0.145,0.5042636653199076,4.74581894143929
0.015,0.145,NaN,NaN
0.065,0.145,0.08318176431288896,0.0053867539332871014
0.165,0.145,0.2734671365516802,3.5482976188231476
0.115,0.145,2.665356232831606,22.41946768446411
0.02,0.145,NaN,NaN
0.07,0.145,0.17962646990328174,0.02790036162514222
0.17,0.145,0.10373921817015495,1.029237061223505
0.12,0.145,5.61212450545701,41.71570157602123
0.025,0.145,NaN,NaN
0.075,0.145,0.049709645569197394,0.19440000347731448
0.175,0.145,0.1083721916077234,1.174379956979022
0.125,0.145,3.865963703199862,26.72957345280776
0.03,0.145,NaN,NaN
0.18,0.145,0.12702794631602304,0.6090632273930968
0.08,0.145,0.12163538892303243,0.0037938929040659338
0.13,0.145,3.4627801080346217,27.034502516575166
0.035,0.145,NaN,NaN
0.085,0.145,0.09215332796690127,0.0040166416042531575
0.185,0.145,0.0905575206753374,0.7523671198567978
0.135,0.145,2.5357771671881437,17.96959568008272
0.04,0.145,NaN,NaN
0.19,0.145,0.11514299912136959,0.6181120068294758
0.09,0.145,4.065972948763398,59.9380835521892
0.14,0.145,1.4947378969180463,11.340388908207085
0.045,0.145,NaN,NaN
0.095,0.145,3.915854334701905,60.74675946671077
0.195,0.145,0.1475523807529584,0.9902499089907619
0.05,0.145,0.1307367697676,0.05995753083710269
0.145,0.145,2.3260560569032025,18.112135650334718
0.055,0.145,0.011619136107951669,0.008026199428468822
0.1,0.145,3.306313169546866,71.24361818015022
0.2,0.145,0.1509121321752632,1.1415837781816947
0.15,0.145,0.8532376182379554,10.67288601583138
0.105,0.145,3.781596288594822,73.29155816385358
0.155,0.145,0.2728601956679508,5.357882874419896
0.01,0.15,NaN,NaN
0.11,0.15,3.383362388670548,90.97033069773049
0.16,0.15,0.7848346518606283,12.948854916926814
0.06,0.15,0.23924256095221402,0.03488951469964431
0.015,0.15,NaN,NaN
0.115,0.15,3.105411246612821,41.32728120037295
0.165,0.15,0.15463964562317783,0.8737019896903379
0.065,0.15,0.13670961602397816,0.004774010495049945
0.02,0.15,NaN,NaN
0.12,0.15,3.9816810327320695,36.11830943550394
0.17,0.15,0.16556247736557655,1.790125392732863
0.07,0.15,0.12031828469996557,0.024554510684223957
0.125,0.15,3.1827030236459577,20.974184049169256
0.025,0.15,NaN,NaN
0.175,0.15,0.10875807449027362,1.182301848866374
0.075,0.15,0.0007906127555327945,0.0001481660819519338
0.13,0.15,2.3828640966298154,17.57244218922153
0.03,0.15,NaN,NaN
0.18,0.15,0.1200510201916304,0.63248089962825
0.08,0.15,0.12199610075382399,0.003902302862554292
0.035,0.15,NaN,NaN
0.135,0.15,2.115122993755595,15.438860555969471
0.185,0.15,0.1064919585865438,0.7318811971418114
0.085,0.15,0.07216321305029405,0.003275890295835654
0.04,0.15,NaN,NaN
0.14,0.15,2.1526103932531333,18.6849697090558
0.19,0.15,0.0935585983352591,0.5281902351244396
0.09,0.15,2.1695583414455664,36.72294206163566
0.145,0.15,1.3375647322446886,10.457758878404169
0.045,0.15,NaN,NaN
0.195,0.15,0.0987846045308395,0.7670856028789456
0.095,0.15,8.294472162215586,80.54489627743571
0.05,0.15,0.10155353362987721,0.02934323893441593
0.15,0.15,0.7020591048723236,8.414157844124775
0.1,0.15,6.047752854906688,92.38864213364397
0.2,0.15,0.07360886116959495,0.734756056529095
0.055,0.15,0.017460682713528127,0.007577517239250935
0.155,0.15,0.27129113213098466,3.700927822341204
0.105,0.15,1.818321453829921,99.36099131979277
0.06,0.155,0.049414091183416345,0.010563824128250122
0.01,0.155,NaN,NaN
0.16,0.155,0.34109323501430566,3.487266650084961
0.11,0.155,5.670353086445384,82.76940059682838
0.065,0.155,0.11998508340936552,0.005131553795277335
0.165,0.155,0.1587210179520439,1.127805692119997
0.115,0.155,3.9362899215098177,39.0219623821406
0.015,0.155,NaN,NaN
0.07,0.155,0.12687839190721237,0.012859240013156253
0.17,0.155,0.1629724533176722,1.7355060792614623
0.02,0.155,NaN,NaN
0.075,0.155,0.0006191289345736888,7.666412752527025e-5
0.12,0.155,3.5317750192160005,25.487460545317422
0.175,0.155,0.11179044915126166,0.6668049878335595
0.025,0.155,NaN,NaN
0.08,0.155,0.09987204357027184,0.009885328290864205
0.125,0.155,4.880249840157082,24.333563502158835
0.03,0.155,NaN,NaN
0.18,0.155,0.1225217342937073,0.5760523405868284
0.085,0.155,0.08846998503259726,0.005815421529873033
0.13,0.155,1.2726533100940216,10.712993278499786
0.035,0.155,NaN,NaN
0.185,0.155,0.10728313029674344,0.5519010008038242
0.09,0.155,2.40429538857801,37.408370337600005
0.135,0.155,4.1017702067499915,26.38295386982028
0.04,0.155,NaN,NaN
0.19,0.155,0.0992989465106949,0.6076483413295843
0.095,0.155,5.8089852934992985,53.51263433683486
0.045,0.155,NaN,NaN
0.14,0.155,1.0345968623376982,7.974695923108627
0.195,0.155,0.10943973164322267,0.7960240949448086
0.1,0.155,7.918994783357191,89.07453907276592
0.05,0.155,0.04893497915545943,0.00350460833425872
0.145,0.155,1.1615116977399642,7.795917126885001
0.2,0.155,0.07712959154673131,0.7942505642398893
0.105,0.155,6.282255312037823,110.0324575406224
0.055,0.155,0.02343123056699022,0.00938667849620678
0.15,0.155,0.46267569109035545,4.053512551077664
0.155,0.155,0.30237683912734165,3.656741444975651
0.11,0.16,5.8893667005918875,50.229921325746204
0.01,0.16,NaN,NaN
0.16,0.16,0.13516713314275408,1.5874542183357303
0.06,0.16,0.005001903695842552,0.004653873017696493
0.015,0.16,NaN,NaN
0.115,0.16,4.943296277982793,48.83170300446414
0.165,0.16,0.12305779406329957,1.1433437150913568
0.065,0.16,0.08771328716817864,0.004681219647794869
0.02,0.16,NaN,NaN
0.12,0.16,2.450464602056477,67.58384423576207
0.17,0.16,0.08727258661196892,1.0580922336755298
0.07,0.16,0.06440993735052271,0.0017025065653469772
0.025,0.16,NaN,NaN
0.075,0.16,0.0006113557696507106,7.478138646350249e-5
0.175,0.16,0.11906367406179352,0.5214478977003235
0.125,0.16,3.4551562056077003,32.50544646158992
0.03,0.16,NaN,NaN
0.18,0.16,0.11122942431463498,0.622736244044945
0.08,0.16,0.09264972551565208,0.004530969359152243
0.13,0.16,2.5810992479244135,16.01385807065652
0.035,0.16,NaN,NaN
0.185,0.16,0.1059566630405075,0.5550980517379954
0.085,0.16,0.07266021558054221,0.007610000082243
0.135,0.16,2.5775228144031113,18.660741531668755
0.04,0.16,NaN,NaN
0.09,0.16,3.3822964712963626,54.54008764048192
0.045,0.16,NaN,NaN
0.14,0.16,2.978899070631809,26.45696500059982
0.19,0.16,0.07240930559596943,0.8233705322890065
0.05,0.16,0.043989226418943254,0.0013986849712217199
0.145,0.16,1.0306733142155309,8.516496283325031
0.095,0.16,4.274301550564408,54.58057950946501
0.195,0.16,0.11736440076688362,0.8600778822913986
0.055,0.16,0.06888533958851244,0.02078917755155395
0.1,0.16,6.851104318977024,49.922257827133585
0.15,0.16,0.45527013696152985,5.884788101038336
0.2,0.16,0.07716455542616354,0.7875212963942688
0.105,0.16,5.123168746660714,78.26805298307904
0.155,0.16,0.30177744829715586,2.797177181404713
0.01,0.165,NaN,NaN
0.06,0.165,0.014746589904797606,0.014447521241842414
0.11,0.165,5.011267143255216,51.33967559712795
0.16,0.165,0.48247439299760103,5.589260809379122
0.015,0.165,NaN,NaN
0.115,0.165,4.4459572113207555,23.011546756485675
0.065,0.165,0.08065283667311123,0.0041774603746424855
0.165,0.165,0.1598945011190616,1.0824706525811716
0.02,0.165,NaN,NaN
0.12,0.165,3.4437653676634037,37.275522164332024
0.07,0.165,0.06440993735052271,0.0017025065653469772
0.17,0.165,0.08581822857577122,1.028185098801338
0.025,0.165,NaN,NaN
0.125,0.165,4.377959252561231,32.20109135156581
0.075,0.165,0.047734372890706055,0.12965507637305929
0.03,0.165,NaN,NaN
0.175,0.165,0.1248334947725529,0.5558892234101726
0.13,0.165,3.0892618896363078,43.349406001114176
0.08,0.165,0.1310620670369939,0.0210868167556927
0.035,0.165,NaN,NaN
0.18,0.165,0.10869282360517703,0.6018646217125055
0.135,0.165,3.564281798980851,23.87730976741606
0.085,0.165,2.7362119502039444,39.72689735683265
0.04,0.165,NaN,NaN
0.09,0.165,0.23947438829708398,0.02444053087259104
0.185,0.165,0.10557477756169283,0.5087822699054906
0.14,0.165,0.8162280993629389,4.028408750619302
0.045,0.165,NaN,NaN
0.095,0.165,4.832099019186404,39.71278291136229
0.19,0.165,0.09972452408144401,0.5198475544613901
0.145,0.165,0.7355106316201326,6.650204052697305
0.05,0.165,0.06708434767838013,0.008767569734253806
0.1,0.165,5.871810570276436,58.27619788665417
0.195,0.165,0.09669048499701612,0.8319885868887297
0.15,0.165,0.7209828990570204,10.08958531089485
0.055,0.165,0.10386961998771836,0.026474732970674562
0.105,0.165,4.6760353634092615,41.26382916910673
0.2,0.165,0.08044177326108781,0.8262446758296292
0.155,0.165,0.24239476058374004,1.830894432125908
0.01,0.17,NaN,NaN
0.06,0.17,0.010327618964293725,0.01111565627326565
0.16,0.17,0.4991282930054034,5.721462235966314
0.11,0.17,7.013831509424646,51.96278135256447
0.015,0.17,NaN,NaN
0.065,0.17,0.1339289551670012,0.008198902062172038
0.115,0.17,5.404199330087535,46.13480456757112
0.165,0.17,0.12514963041683763,1.1915748213528106
0.02,0.17,NaN,NaN
0.07,0.17,0.12641605333159536,0.011083337671870211
0.12,0.17,2.318783295739365,19.759461228827746
0.17,0.17,0.08469827827852881,1.0399180939339028
0.025,0.17,NaN,NaN
0.125,0.17,2.7576628441658686,22.62649275774711
0.075,0.17,0.021722392565059954,0.01774069030386687
0.175,0.17,0.1295202870350982,0.85371858734625
0.03,0.17,NaN,NaN
0.08,0.17,0.11506107121300428,0.10540778423178
0.13,0.17,2.975517863125936,33.92803528242884
0.18,0.17,0.11026951641994669,0.5501240399055254
0.035,0.17,NaN,NaN
0.085,0.17,0.014278928346243511,0.0075614379255835185
0.135,0.17,4.278526995215264,28.250361512791585
0.185,0.17,0.11130446374504468,0.44713887784968537
0.04,0.17,NaN,NaN
0.09,0.17,0.2482985701428007,0.026101678915609265
0.14,0.17,2.5362813289248267,21.44525781658326
0.045,0.17,NaN,NaN
0.19,0.17,0.10447480171655892,0.5063753765450556
0.05,0.17,0.040944827431574966,0.0015177223807323523
0.095,0.17,0.6638090751930346,12.492841733665816
0.145,0.17,0.3455674176864248,4.239292598672926
0.195,0.17,0.10889358369983851,0.8718131124740554
0.1,0.17,5.126566689234001,52.999482796691304
0.055,0.17,0.14698867039498137,0.06724796951371322
0.15,0.17,0.4732496469516364,4.735324212298247
0.2,0.17,0.08523481760224236,0.7752957030138605
0.105,0.17,4.427936369161924,57.26770809042514
0.155,0.17,0.2216700561683164,2.1952740384576654
0.06,0.175,0.0067697279257667746,0.005917960852926817
0.11,0.175,3.801674521339914,34.52846210634825
0.01,0.175,NaN,NaN
0.16,0.175,0.13836358345216176,1.2310809189787835
0.065,0.175,0.22101113020369847,0.03395193700842055
0.115,0.175,3.4272764104722886,38.02179736672393
0.015,0.175,NaN,NaN
0.165,0.175,0.12376666299566863,1.4486554998108938
0.07,0.175,0.1386869569242847,0.00890663733561058
0.12,0.175,2.459236944059642,42.613859015458736
0.02,0.175,NaN,NaN
0.17,0.175,0.08469827827852881,1.0399180939339028
0.025,0.175,NaN,NaN
0.075,0.175,0.020101351803601477,0.0017171236033429612
0.175,0.175,0.1276772248349102,0.8433922923432309
0.125,0.175,2.365209845731211,25.345225219774022
0.03,0.175,NaN,NaN
0.08,0.175,0.1668116057420653,0.22040099458189238
0.18,0.175,0.10591345893471309,0.5758233459414841
0.13,0.175,2.8805176045366454,23.976349159692763
0.035,0.175,NaN,NaN
0.085,0.175,0.20322688786033086,0.723575120928589
0.185,0.175,0.10533509157996745,0.4658631044743905
0.135,0.175,4.593738448103426,42.177208057636605
0.04,0.175,NaN,NaN
0.09,0.175,6.129501809116016,110.45570251982808
0.19,0.175,0.10567408552594368,0.5258342396711679
0.045,0.175,NaN,NaN
0.14,0.175,2.3922334599614463,20.577669104100202
0.095,0.175,4.264728958815032,26.818630137077786
0.05,0.175,0.057249886513082646,0.0033326189315514712
0.195,0.175,0.0875517738631232,0.7201665350187348
0.145,0.175,0.4131957063375493,3.397929138204048
0.1,0.175,5.3481341374941005,37.39275976441453
0.055,0.175,0.058168667940217675,0.006355440915178099
0.15,0.175,0.4239445967838888,3.7180701971737244
0.2,0.175,0.08774941243045349,0.8014754408819817
0.105,0.175,5.458582471641556,34.55224428085548
0.155,0.175,0.23084913437359184,2.2953404745083246
0.06,0.18,0.006351051713207508,0.005376714853912313
0.01,0.18,NaN,NaN
0.11,0.18,5.226113966078637,57.45889366242542
0.16,0.18,0.19633296219870028,1.617597243255592
0.065,0.18,0.06713417292382344,0.009645189388031088
0.015,0.18,NaN,NaN
0.115,0.18,3.708673112542241,49.48856840857364
0.165,0.18,0.1405264243876995,1.3434322126875209
0.02,0.18,NaN,NaN
0.07,0.18,0.09784509784249518,0.00487843201088443
0.12,0.18,2.7642734407886467,24.322495107318673
0.17,0.18,0.08554468323631682,1.1510045384186032
0.025,0.18,NaN,NaN
0.075,0.18,0.014186711347641861,0.012141364165965113
0.125,0.18,2.5381420448876004,62.42298201157723
0.175,0.18,0.12237206876673624,0.876903802114402
0.03,0.18,NaN,NaN
0.08,0.18,0.13540246029479472,0.005823388311796386
0.13,0.18,3.335563885346574,36.00068590977981
0.18,0.18,0.10961850404315703,0.7364081969855613
0.035,0.18,NaN,NaN
0.085,0.18,0.08919453386165144,0.006796593850471156
0.135,0.18,3.627548663726405,35.5749975241018
0.185,0.18,0.10385651581125373,0.47547223845291114
0.09,0.18,0.25595766590417457,0.030935986683713817
0.04,0.18,NaN,NaN
0.14,0.18,3.66081109410753,26.783434468149085
0.095,0.18,3.4542939002357635,28.110494480134484
0.19,0.18,0.09429488773932726,0.7112677699359835
0.045,0.18,NaN,NaN
0.145,0.18,0.37551727389771067,2.5601732548098384
0.05,0.18,0.0071196729607234475,0.001417274942370474
0.195,0.18,0.10744005942599691,0.8990388075616638
0.1,0.18,4.220082736182245,39.06111575120099
0.15,0.18,0.5801857384615341,8.07782238214094
0.055,0.18,0.07484988912334294,0.006005726422231404
0.105,0.18,3.8819502550176743,30.32543323747527
0.2,0.18,0.09029161529287408,0.8094178809181516
0.155,0.18,0.43051048898013444,3.620847653603558
0.06,0.185,0.005913560756638418,0.00481419389249929
0.11,0.185,1.5690803478111313,10.483418101427985
0.01,0.185,NaN,NaN
0.16,0.185,0.3852590905237405,4.4459572281646835
0.065,0.185,0.07995545471783903,0.005924789828621068
0.015,0.185,NaN,NaN
0.115,0.185,3.918331126389643,32.1021725956547
0.165,0.185,0.10083544171576313,1.2403809069920353
0.07,0.185,0.14190670595283508,0.007728068524032384
0.02,0.185,NaN,NaN
0.12,0.185,4.199627071287681,35.22070949953463
0.17,0.185,0.10692611102683698,0.9029577462643731
0.025,0.185,NaN,NaN
0.075,0.185,0.11935680086036939,0.008124605585409783
0.125,0.185,3.3488512525714307,40.52517585518614
0.175,0.185,0.1479392503955093,0.9293724682987313
0.03,0.185,NaN,NaN
0.08,0.185,0.13540246029479472,0.005823388311796386
0.13,0.185,2.603769283158008,35.98547861383215
0.18,0.185,0.10753926789187285,0.7283403129664444
0.035,0.185,NaN,NaN
0.085,0.185,0.10142476382841137,0.008443335302509883
0.135,0.185,4.286132844966053,39.43244892118328
0.185,0.185,0.10475555787210322,0.5038951401967717
0.04,0.185,NaN,NaN
0.09,0.185,0.12786261745746055,0.008326646141045712
0.14,0.185,3.833153726051175,20.846181614567374
0.19,0.185,0.10170098344395581,0.6610704962672845
0.045,0.185,NaN,NaN
0.095,0.185,4.10180745086111,43.626118216377286
0.145,0.185,1.6070169546192008,12.037778658006518
0.05,0.185,0.001267815921851753,0.0003214714423401487
0.195,0.185,0.11666399622280484,1.0329676641037495
0.1,0.185,3.5778570367093323,30.36386831042929
0.055,0.185,0.04721316654825523,0.0038630057760765356
0.105,0.185,2.537791538293412,31.008171799358642
0.2,0.185,0.07742424855481067,0.7580240185719266
0.15,0.185,0.4801056898791361,3.9958073258740265
0.155,0.185,0.47945427520316924,2.832111380032626
0.06,0.19,0.07781004769734899,0.006878656104430744
0.01,0.19,NaN,NaN
0.11,0.19,3.843572813655586,21.55036027590284
0.16,0.19,1.0408052258342682,12.5475827937117
0.015,0.19,NaN,NaN
0.065,0.19,0.07980342578263931,0.00349945849928014
0.115,0.19,4.103686345943308,33.86220815416433
0.165,0.19,0.10074664530965838,1.0191229642097002
0.07,0.19,0.06808468091480196,0.003300171135199187
0.02,0.19,NaN,NaN
0.12,0.19,5.143045114541162,53.97438115401091
0.17,0.19,0.10828327510062263,0.9227833474096351
0.075,0.19,0.11275484122361457,0.006150571336641507
0.025,0.19,NaN,NaN
0.175,0.19,0.12837750352114416,0.857695948294942
0.125,0.19,2.2112107874984157,28.686585521743105
0.03,0.19,NaN,NaN
0.08,0.19,0.11582729143404279,0.1083625611830171
0.18,0.19,0.10587517400801603,0.7572832247665494
0.13,0.19,3.5980256731515103,29.985738142180026
0.085,0.19,0.09805187809767947,0.006598919053062982
0.035,0.19,NaN,NaN
0.185,0.19,0.07436659155964263,0.7126962546398904
0.135,0.19,4.822797271649303,39.01444421174058
0.09,0.19,0.12204026564176176,0.007194101902756907
0.04,0.19,NaN,NaN
0.14,0.19,4.366292245566744,32.999503136210215
0.19,0.19,0.10170098344395581,0.6610704962672845
0.045,0.19,NaN,NaN
0.095,0.19,5.205430514904622,59.424462817886116
0.145,0.19,0.37658190952304604,3.9420232132360744
0.195,0.19,0.11573186094454194,1.059817070034216
0.05,0.19,0.001267815921851753,0.0003214714423401487
0.1,0.19,3.1157069530462755,24.73952330456652
0.15,0.19,1.4302603660220456,17.769329705876775
0.2,0.19,0.0762589992386087,0.8109315091909874
0.055,0.19,0.04760932606313423,0.004321526544591846
0.105,0.19,4.673042045315433,52.2741577118367
0.155,0.19,0.22781613807593842,3.513218987683577
0.01,0.195,NaN,NaN
0.06,0.195,0.004883219786008569,0.0037081923420772623
0.11,0.195,3.670973469489144,26.534880068726448
0.16,0.195,0.2622746586303041,2.1119834887192495
0.015,0.195,NaN,NaN
0.115,0.195,5.771662468295043,57.37023899637955
0.065,0.195,0.05811372066644908,0.0023583731196960165
0.165,0.195,0.10823142148193553,0.8094767960633661
0.02,0.195,NaN,NaN
0.07,0.195,0.0716217316294716,0.0028971381534332987
0.17,0.195,0.11113432197858387,0.9663074868769483
0.12,0.195,3.0461845575666793,23.961727374723317
0.025,0.195,NaN,NaN
0.075,0.195,0.11757840709918142,0.005889138490996713
0.175,0.195,0.10659453275211452,0.7237632342126291
0.125,0.195,3.5398580752842883,37.81529104155153
0.08,0.195,0.009793633090519172,0.003007489599812795
0.03,0.195,NaN,NaN
0.18,0.195,0.07416839474400984,0.713657320413148
0.13,0.195,3.50884993681263,30.20858402704467
0.085,0.195,0.04577693501346569,0.002750082810168606
0.035,0.195,NaN,NaN
0.135,0.195,4.7487883133718425,35.10022659850653
0.185,0.195,0.08027886138920695,0.7900670111504683
0.04,0.195,NaN,NaN
0.09,0.195,0.5048147757517737,0.7170902941484057
0.14,0.195,3.0382903103828314,36.22824307912483
0.19,0.195,0.09743155698832853,0.6800174290906045
0.045,0.195,NaN,NaN
0.095,0.195,3.581837008683011,29.51591845073008
0.195,0.195,0.11079915096211719,1.0561671060464932
0.145,0.195,0.8952733288642761,7.77966529284088
0.05,0.195,0.001267815921851753,0.0003214714423401487
0.1,0.195,0.7340552559328809,12.496672458294176
0.15,0.195,0.3935487753173903,2.878362151591232
0.2,0.195,0.07453617240989288,0.8437265939942932
0.055,0.195,0.04284651325006351,0.003120840397645083
0.105,0.195,4.696010658689031,33.10480034494042
0.155,0.195,0.3148170153985909,2.9514225912337926
0.01,0.2,NaN,NaN
0.06,0.2,0.004883219786008569,0.0037081923420772623
0.11,0.2,0.08139208702090063,0.006654491462609823
0.16,0.2,0.3984343874501,3.832184586351822
0.015,0.2,NaN,NaN
0.065,0.2,0.029093003468897257,0.00015569061904116498
0.115,0.2,4.269630933353513,45.15864703586202
0.165,0.2,0.10807632684182297,0.7976893430593078
0.07,0.2,0.06842956836264735,0.006955899528603212
0.02,0.2,NaN,NaN
0.12,0.2,4.277271075044801,54.928586244622856
0.17,0.2,0.11220687008266601,0.944162591258722
0.075,0.2,0.1052995914526972,0.004823089654104762
0.125,0.2,4.746960591300768,49.77987786027872
0.025,0.2,NaN,NaN
0.175,0.2,0.09395367622586978,0.7180413328551128
0.08,0.2,0.0008068643454057307,0.00011431999665128979
0.03,0.2,NaN,NaN
0.13,0.2,4.948692572519006,38.67063979962828
0.18,0.2,0.07366032931976643,0.7169393019441394
0.085,0.2,0.06684345776027241,0.03677456207009942
0.035,0.2,NaN,NaN
0.135,0.2,4.293936842280298,41.88676330225866
0.185,0.2,0.07735004537052888,0.7784262788877456
0.04,0.2,NaN,NaN
0.09,0.2,0.35865740808333796,0.09213096633231123
0.14,0.2,1.299501061278121,9.275696808872567
0.19,0.2,0.07572397180457457,0.7591345166107998
0.045,0.2,NaN,NaN
0.095,0.2,0.21751857212500064,0.02795662112741511
0.195,0.2,0.09724475486373686,0.7416087916604142
0.145,0.2,0.62603545920033,6.160799958761808
0.05,0.2,0.001267815921851753,0.0003214714423401487
0.1,0.2,0.18378880338378295,0.016003139851156156
0.2,0.2,0.07814886094119379,0.7734564524144586
0.15,0.2,0.6888097614325025,5.126649060074617
0.055,0.2,0.06041307158713869,0.010927017448773389
0.105,0.2,5.26747170788492,31.13775327136448
0.155,0.2,0.23376748593043792,2.2161806460418574
